{"version":12,"data":{"renderViewState":{"leftEdgeTimeSec":0,"timeSecPerPixel":0.018464653426573427,"analogChannelViewStates":[{"index":0,"type":"Analog","stripchart":{"viewportCenterValue":2.5,"scalePerPixel":0.0625}},{"index":1,"type":"Analog","stripchart":{"viewportCenterValue":2.5,"scalePerPixel":0.0625}},{"index":2,"type":"Analog","stripchart":{"viewportCenterValue":2.5,"scalePerPixel":0.0625}},{"index":3,"type":"Analog","stripchart":{"viewportCenterValue":2.5,"scalePerPixel":0.0625}},{"index":4,"type":"Analog","stripchart":{"viewportCenterValue":2.5,"scalePerPixel":0.0625}},{"index":5,"type":"Analog","stripchart":{"viewportCenterValue":2.5,"scalePerPixel":0.0625}},{"index":6,"type":"Analog","stripchart":{"viewportCenterValue":2.5,"scalePerPixel":0.0625}},{"index":7,"type":"Analog","stripchart":{"viewportCenterValue":2.5,"scalePerPixel":0.0625}},{"index":8,"type":"Analog","stripchart":{"viewportCenterValue":2.5,"scalePerPixel":0.0625}},{"index":9,"type":"Analog","stripchart":{"viewportCenterValue":2.5,"scalePerPixel":0.0625}},{"index":10,"type":"Analog","stripchart":{"viewportCenterValue":2.5,"scalePerPixel":0.0625}},{"index":11,"type":"Analog","stripchart":{"viewportCenterValue":2.5,"scalePerPixel":0.0625}},{"index":12,"type":"Analog","stripchart":{"viewportCenterValue":2.5,"scalePerPixel":0.0625}},{"index":13,"type":"Analog","stripchart":{"viewportCenterValue":2.5,"scalePerPixel":0.0625}},{"index":14,"type":"Analog","stripchart":{"viewportCenterValue":2.5,"scalePerPixel":0.0625}},{"index":15,"type":"Analog","stripchart":{"viewportCenterValue":2.5,"scalePerPixel":0.0625}}]},"captureProgress":{"maxCollectedTime":13.30249728,"processedInterval":{"begin":0,"end":13.30249728},"memoryUsedMb":0,"isProcessing":false},"captureStartTime":{"unixTimeMilliseconds":1617884035669,"fractionalMilliseconds":0.974},"timingMarkers":{"markers":{},"pairs":{}},"measurements":[],"highLevelAnalyzers":[],"analyzers":[],"rowsSettings":[{"index":0,"type":"Digital","name":"Channel 0","height":100,"isHidden":false},{"index":1,"type":"Digital","name":"Channel 1","height":100,"isHidden":false},{"index":2,"type":"Digital","name":"Channel 2","height":100,"isHidden":false},{"index":3,"type":"Digital","name":"Channel 3","height":100,"isHidden":false},{"index":4,"type":"Digital","name":"Channel 4","height":100},{"index":5,"type":"Digital","name":"Channel 5","height":100},{"index":6,"type":"Digital","name":"Channel 6","height":100},{"index":7,"type":"Digital","name":"Channel 7","height":100},{"index":8,"type":"Digital","name":"Channel 8","height":100},{"index":9,"type":"Digital","name":"Channel 9","height":100},{"index":10,"type":"Digital","name":"Channel 10","height":100},{"index":11,"type":"Digital","name":"Channel 11","height":100},{"index":12,"type":"Digital","name":"Channel 12","height":100},{"index":13,"type":"Digital","name":"Channel 13","height":100},{"index":14,"type":"Digital","name":"Channel 14","height":100},{"index":15,"type":"Digital","name":"Channel 15","height":100},{"index":0,"type":"Analog","name":"Channel 0","height":100,"isHidden":false},{"index":1,"type":"Analog","name":"Channel 1","height":100,"isHidden":false},{"index":2,"type":"Analog","name":"Channel 2","height":100},{"index":3,"type":"Analog","name":"Channel 3","height":100},{"index":4,"type":"Analog","name":"Channel 4","height":100},{"index":5,"type":"Analog","name":"Channel 5","height":100},{"index":6,"type":"Analog","name":"Channel 6","height":100},{"index":7,"type":"Analog","name":"Channel 7","height":100},{"index":8,"type":"Analog","name":"Channel 8","height":100},{"index":9,"type":"Analog","name":"Channel 9","height":100},{"index":10,"type":"Analog","name":"Channel 10","height":100},{"index":11,"type":"Analog","name":"Channel 11","height":100},{"index":12,"type":"Analog","name":"Channel 12","height":100},{"index":13,"type":"Analog","name":"Channel 13","height":100},{"index":14,"type":"Analog","name":"Channel 14","height":100},{"index":15,"type":"Analog","name":"Channel 15","height":100}],"captureSettings":{"calibrationData":{"deviceId":"2969825963596773588","calibrationDate":"9/1/2017 1:19:22 PM","lastUpdatedDate":"9/1/2017 1:19:38 PM","minimumSoftwareVersionRequired":"1.1.34","note":"","fullScaleVoltageRanges":[{"minimumVoltage":-0.413183,"maximumVoltage":5.231553},{"minimumVoltage":-0.296983,"maximumVoltage":5.290395},{"minimumVoltage":-0.40986,"maximumVoltage":5.247633},{"minimumVoltage":-0.367257,"maximumVoltage":5.255276},{"minimumVoltage":-0.405769,"maximumVoltage":5.231391},{"minimumVoltage":-0.336843,"maximumVoltage":5.223483},{"minimumVoltage":-0.414089,"maximumVoltage":5.216926},{"minimumVoltage":-0.402967,"maximumVoltage":5.182405}],"calibrationSets":{"625000":[{"groupDelay":5,"impulseLength":54,"df1SosCoefficients":[{"b0":1.141116228163477,"b1":-0.9709674115174745,"b2":0,"a1":-0.8298511833539974,"a2":0},{"b0":0.0008448472969309998,"b1":0.001689694593862,"b2":0.0008448472969309998,"a1":-0.537133732632341,"a2":0.07725981541632763},{"b0":1,"b1":2,"b2":1,"a1":-0.533053978201866,"a2":0.1199546530561323},{"b0":1,"b1":2,"b2":1,"a1":-0.5192973932335044,"a2":0.221966298821849},{"b0":1,"b1":2,"b2":1,"a1":-0.4725893454134654,"a2":0.4435635441607418}]},{"groupDelay":5,"impulseLength":54,"df1SosCoefficients":[{"b0":1.137475435397768,"b1":-0.9678942350759131,"b2":0,"a1":-0.8304187996781452,"a2":0},{"b0":0.0008448472969309998,"b1":0.001689694593862,"b2":0.0008448472969309998,"a1":-0.537133732632341,"a2":0.07725981541632763},{"b0":1,"b1":2,"b2":1,"a1":-0.533053978201866,"a2":0.1199546530561323},{"b0":1,"b1":2,"b2":1,"a1":-0.5192973932335044,"a2":0.221966298821849},{"b0":1,"b1":2,"b2":1,"a1":-0.4725893454134654,"a2":0.4435635441607418}]},{"groupDelay":5,"impulseLength":52,"df1SosCoefficients":[{"b0":1.165542082004094,"b1":-0.9915851624905606,"b2":0,"a1":-0.8260430804864666,"a2":0},{"b0":0.0008448472969309998,"b1":0.001689694593862,"b2":0.0008448472969309998,"a1":-0.537133732632341,"a2":0.07725981541632763},{"b0":1,"b1":2,"b2":1,"a1":-0.533053978201866,"a2":0.1199546530561323},{"b0":1,"b1":2,"b2":1,"a1":-0.5192973932335044,"a2":0.221966298821849},{"b0":1,"b1":2,"b2":1,"a1":-0.4725893454134654,"a2":0.4435635441607418}]},{"groupDelay":5,"impulseLength":53,"df1SosCoefficients":[{"b0":1.154057764851653,"b1":-0.9818913031606057,"b2":0,"a1":-0.8278335383089531,"a2":0},{"b0":0.0008448472969309998,"b1":0.001689694593862,"b2":0.0008448472969309998,"a1":-0.537133732632341,"a2":0.07725981541632763},{"b0":1,"b1":2,"b2":1,"a1":-0.533053978201866,"a2":0.1199546530561323},{"b0":1,"b1":2,"b2":1,"a1":-0.5192973932335044,"a2":0.221966298821849},{"b0":1,"b1":2,"b2":1,"a1":-0.4725893454134654,"a2":0.4435635441607418}]},{"groupDelay":5,"impulseLength":54,"df1SosCoefficients":[{"b0":1.130914545534601,"b1":-0.9623562180942633,"b2":0,"a1":-0.8314416725596627,"a2":0},{"b0":0.0008448472969309998,"b1":0.001689694593862,"b2":0.0008448472969309998,"a1":-0.537133732632341,"a2":0.07725981541632763},{"b0":1,"b1":2,"b2":1,"a1":-0.533053978201866,"a2":0.1199546530561323},{"b0":1,"b1":2,"b2":1,"a1":-0.5192973932335044,"a2":0.221966298821849},{"b0":1,"b1":2,"b2":1,"a1":-0.4725893454134654,"a2":0.4435635441607418}]},{"groupDelay":5,"impulseLength":53,"df1SosCoefficients":[{"b0":1.154337186811853,"b1":-0.9821271619530724,"b2":0,"a1":-0.8277899751412198,"a2":0},{"b0":0.0008448472969309998,"b1":0.001689694593862,"b2":0.0008448472969309998,"a1":-0.537133732632341,"a2":0.07725981541632763},{"b0":1,"b1":2,"b2":1,"a1":-0.533053978201866,"a2":0.1199546530561323},{"b0":1,"b1":2,"b2":1,"a1":-0.5192973932335044,"a2":0.221966298821849},{"b0":1,"b1":2,"b2":1,"a1":-0.4725893454134654,"a2":0.4435635441607418}]},{"groupDelay":5,"impulseLength":54,"df1SosCoefficients":[{"b0":1.128441800137078,"b1":-0.9602689850681986,"b2":0,"a1":-0.8318271849311206,"a2":0},{"b0":0.0008448472969309998,"b1":0.001689694593862,"b2":0.0008448472969309998,"a1":-0.537133732632341,"a2":0.07725981541632763},{"b0":1,"b1":2,"b2":1,"a1":-0.533053978201866,"a2":0.1199546530561323},{"b0":1,"b1":2,"b2":1,"a1":-0.5192973932335044,"a2":0.221966298821849},{"b0":1,"b1":2,"b2":1,"a1":-0.4725893454134654,"a2":0.4435635441607418}]},{"groupDelay":5,"impulseLength":53,"df1SosCoefficients":[{"b0":1.147311431506793,"b1":-0.9761967541883011,"b2":0,"a1":-0.8288853226815085,"a2":0},{"b0":0.0008448472969309998,"b1":0.001689694593862,"b2":0.0008448472969309998,"a1":-0.537133732632341,"a2":0.07725981541632763},{"b0":1,"b1":2,"b2":1,"a1":-0.533053978201866,"a2":0.1199546530561323},{"b0":1,"b1":2,"b2":1,"a1":-0.5192973932335044,"a2":0.221966298821849},{"b0":1,"b1":2,"b2":1,"a1":-0.4725893454134654,"a2":0.4435635441607418}]}],"1250000":[{"groupDelay":5,"impulseLength":107,"df1SosCoefficients":[{"b0":1.147385599499868,"b1":-1.058531590035723,"b2":0,"a1":-0.9111459905358544,"a2":0},{"b0":0.0008448472969309998,"b1":0.001689694593862,"b2":0.0008448472969309998,"a1":-0.537133732632341,"a2":0.07725981541632763},{"b0":1,"b1":2,"b2":1,"a1":-0.533053978201866,"a2":0.1199546530561323},{"b0":1,"b1":2,"b2":1,"a1":-0.5192973932335044,"a2":0.221966298821849},{"b0":1,"b1":2,"b2":1,"a1":-0.4725893454134653,"a2":0.4435635441607418}]},{"groupDelay":5,"impulseLength":107,"df1SosCoefficients":[{"b0":1.143561780147194,"b1":-1.055017310630647,"b2":0,"a1":-0.9114555304834531,"a2":0},{"b0":0.0008448472969309998,"b1":0.001689694593862,"b2":0.0008448472969309998,"a1":-0.537133732632341,"a2":0.07725981541632763},{"b0":1,"b1":2,"b2":1,"a1":-0.533053978201866,"a2":0.1199546530561323},{"b0":1,"b1":2,"b2":1,"a1":-0.5192973932335044,"a2":0.221966298821849},{"b0":1,"b1":2,"b2":1,"a1":-0.4725893454134653,"a2":0.4435635441607418}]},{"groupDelay":5,"impulseLength":104,"df1SosCoefficients":[{"b0":1.173068706777913,"b1":-1.082135637884494,"b2":0,"a1":-0.9090669311065805,"a2":0},{"b0":0.0008448472969309998,"b1":0.001689694593862,"b2":0.0008448472969309998,"a1":-0.537133732632341,"a2":0.07725981541632763},{"b0":1,"b1":2,"b2":1,"a1":-0.533053978201866,"a2":0.1199546530561323},{"b0":1,"b1":2,"b2":1,"a1":-0.5192973932335044,"a2":0.221966298821849},{"b0":1,"b1":2,"b2":1,"a1":-0.4725893454134653,"a2":0.4435635441607418}]},{"groupDelay":5,"impulseLength":106,"df1SosCoefficients":[{"b0":1.160986901138561,"b1":-1.071031860007328,"b2":0,"a1":-0.9100449588687674,"a2":0},{"b0":0.0008448472969309998,"b1":0.001689694593862,"b2":0.0008448472969309998,"a1":-0.537133732632341,"a2":0.07725981541632763},{"b0":1,"b1":2,"b2":1,"a1":-0.533053978201866,"a2":0.1199546530561323},{"b0":1,"b1":2,"b2":1,"a1":-0.5192973932335044,"a2":0.221966298821849},{"b0":1,"b1":2,"b2":1,"a1":-0.4725893454134653,"a2":0.4435635441607418}]},{"groupDelay":5,"impulseLength":108,"df1SosCoefficients":[{"b0":1.136673927699012,"b1":-1.048687033028251,"b2":0,"a1":-0.9120131053292381,"a2":0},{"b0":0.0008448472969309998,"b1":0.001689694593862,"b2":0.0008448472969309998,"a1":-0.537133732632341,"a2":0.07725981541632763},{"b0":1,"b1":2,"b2":1,"a1":-0.533053978201866,"a2":0.1199546530561323},{"b0":1,"b1":2,"b2":1,"a1":-0.5192973932335044,"a2":0.221966298821849},{"b0":1,"b1":2,"b2":1,"a1":-0.4725893454134653,"a2":0.4435635441607418}]},{"groupDelay":5,"impulseLength":106,"df1SosCoefficients":[{"b0":1.161280726282438,"b1":-1.071301899869724,"b2":0,"a1":-0.9100211735872855,"a2":0},{"b0":0.0008448472969309998,"b1":0.001689694593862,"b2":0.0008448472969309998,"a1":-0.537133732632341,"a2":0.07725981541632763},{"b0":1,"b1":2,"b2":1,"a1":-0.533053978201866,"a2":0.1199546530561323},{"b0":1,"b1":2,"b2":1,"a1":-0.5192973932335044,"a2":0.221966298821849},{"b0":1,"b1":2,"b2":1,"a1":-0.4725893454134653,"a2":0.4435635441607418}]},{"groupDelay":5,"impulseLength":108,"df1SosCoefficients":[{"b0":1.13407890694255,"b1":-1.046302080403906,"b2":0,"a1":-0.9122231734613562,"a2":0},{"b0":0.0008448472969309998,"b1":0.001689694593862,"b2":0.0008448472969309998,"a1":-0.537133732632341,"a2":0.07725981541632763},{"b0":1,"b1":2,"b2":1,"a1":-0.533053978201866,"a2":0.1199546530561323},{"b0":1,"b1":2,"b2":1,"a1":-0.5192973932335044,"a2":0.221966298821849},{"b0":1,"b1":2,"b2":1,"a1":-0.4725893454134653,"a2":0.4435635441607418}]},{"groupDelay":5,"impulseLength":106,"df1SosCoefficients":[{"b0":1.153894848335259,"b1":-1.064513912163134,"b2":0,"a1":-0.9106190638278747,"a2":0},{"b0":0.0008448472969309998,"b1":0.001689694593862,"b2":0.0008448472969309998,"a1":-0.537133732632341,"a2":0.07725981541632763},{"b0":1,"b1":2,"b2":1,"a1":-0.533053978201866,"a2":0.1199546530561323},{"b0":1,"b1":2,"b2":1,"a1":-0.5192973932335044,"a2":0.221966298821849},{"b0":1,"b1":2,"b2":1,"a1":-0.4725893454134653,"a2":0.4435635441607418}]}],"2500000":[{"groupDelay":5,"impulseLength":213,"df1SosCoefficients":[{"b0":1.150733927965369,"b1":-1.105297623782833,"b2":0,"a1":-0.9545636958174645,"a2":0},{"b0":0.0008448472969309998,"b1":0.001689694593862,"b2":0.0008448472969309998,"a1":-0.537133732632341,"a2":0.07725981541632763},{"b0":1,"b1":2,"b2":1,"a1":-0.533053978201866,"a2":0.1199546530561323},{"b0":1,"b1":2,"b2":1,"a1":-0.5192973932335044,"a2":0.221966298821849},{"b0":1,"b1":2,"b2":1,"a1":-0.4725893454134654,"a2":0.4435635441607418}]},{"groupDelay":5,"impulseLength":214,"df1SosCoefficients":[{"b0":1.146811619386556,"b1":-1.101537184421624,"b2":0,"a1":-0.9547255650350687,"a2":0},{"b0":0.0008448472969309998,"b1":0.001689694593862,"b2":0.0008448472969309998,"a1":-0.537133732632341,"a2":0.07725981541632763},{"b0":1,"b1":2,"b2":1,"a1":-0.533053978201866,"a2":0.1199546530561323},{"b0":1,"b1":2,"b2":1,"a1":-0.5192973932335044,"a2":0.221966298821849},{"b0":1,"b1":2,"b2":1,"a1":-0.4725893454134654,"a2":0.4435635441607418}]},{"groupDelay":5,"impulseLength":208,"df1SosCoefficients":[{"b0":1.17709464670529,"b1":-1.130570465617566,"b2":0,"a1":-0.9534758189122754,"a2":0},{"b0":0.0008448472969309998,"b1":0.001689694593862,"b2":0.0008448472969309998,"a1":-0.537133732632341,"a2":0.07725981541632763},{"b0":1,"b1":2,"b2":1,"a1":-0.533053978201866,"a2":0.1199546530561323},{"b0":1,"b1":2,"b2":1,"a1":-0.5192973932335044,"a2":0.221966298821849},{"b0":1,"b1":2,"b2":1,"a1":-0.4725893454134654,"a2":0.4435635441607418}]},{"groupDelay":5,"impulseLength":211,"df1SosCoefficients":[{"b0":1.164690588299667,"b1":-1.118678308605953,"b2":0,"a1":-0.9539877203062863,"a2":0},{"b0":0.0008448472969309998,"b1":0.001689694593862,"b2":0.0008448472969309998,"a1":-0.537133732632341,"a2":0.07725981541632763},{"b0":1,"b1":2,"b2":1,"a1":-0.533053978201866,"a2":0.1199546530561323},{"b0":1,"b1":2,"b2":1,"a1":-0.5192973932335044,"a2":0.221966298821849},{"b0":1,"b1":2,"b2":1,"a1":-0.4725893454134654,"a2":0.4435635441607418}]},{"groupDelay":5,"impulseLength":216,"df1SosCoefficients":[{"b0":1.139747924170116,"b1":-1.094764999879346,"b2":0,"a1":-0.9550170757092303,"a2":0},{"b0":0.0008448472969309998,"b1":0.001689694593862,"b2":0.0008448472969309998,"a1":-0.537133732632341,"a2":0.07725981541632763},{"b0":1,"b1":2,"b2":1,"a1":-0.533053978201866,"a2":0.1199546530561323},{"b0":1,"b1":2,"b2":1,"a1":-0.5192973932335044,"a2":0.221966298821849},{"b0":1,"b1":2,"b2":1,"a1":-0.4725893454134654,"a2":0.4435635441607418}]},{"groupDelay":5,"impulseLength":211,"df1SosCoefficients":[{"b0":1.164992176893476,"b1":-1.118967450981232,"b2":0,"a1":-0.9539752740877551,"a2":0},{"b0":0.0008448472969309998,"b1":0.001689694593862,"b2":0.0008448472969309998,"a1":-0.537133732632341,"a2":0.07725981541632763},{"b0":1,"b1":2,"b2":1,"a1":-0.533053978201866,"a2":0.1199546530561323},{"b0":1,"b1":2,"b2":1,"a1":-0.5192973932335044,"a2":0.221966298821849},{"b0":1,"b1":2,"b2":1,"a1":-0.4725893454134654,"a2":0.4435635441607418}]},{"groupDelay":5,"impulseLength":216,"df1SosCoefficients":[{"b0":1.137087176265482,"b1":-1.092214058016973,"b2":0,"a1":-0.9551268817514912,"a2":0},{"b0":0.0008448472969309998,"b1":0.001689694593862,"b2":0.0008448472969309998,"a1":-0.537133732632341,"a2":0.07725981541632763},{"b0":1,"b1":2,"b2":1,"a1":-0.533053978201866,"a2":0.1199546530561323},{"b0":1,"b1":2,"b2":1,"a1":-0.5192973932335044,"a2":0.221966298821849},{"b0":1,"b1":2,"b2":1,"a1":-0.4725893454134654,"a2":0.4435635441607418}]},{"groupDelay":5,"impulseLength":212,"df1SosCoefficients":[{"b0":1.157412262174798,"b1":-1.111700350728923,"b2":0,"a1":-0.9542880885541248,"a2":0},{"b0":0.0008448472969309998,"b1":0.001689694593862,"b2":0.0008448472969309998,"a1":-0.537133732632341,"a2":0.07725981541632763},{"b0":1,"b1":2,"b2":1,"a1":-0.533053978201866,"a2":0.1199546530561323},{"b0":1,"b1":2,"b2":1,"a1":-0.5192973932335044,"a2":0.221966298821849},{"b0":1,"b1":2,"b2":1,"a1":-0.4725893454134654,"a2":0.4435635441607418}]}],"5000000":[{"groupDelay":5,"impulseLength":427,"df1SosCoefficients":[{"b0":1.152465798565634,"b1":-1.129486624286261,"b2":0,"a1":-0.9770208257206271,"a2":0},{"b0":0.0008448472969309998,"b1":0.001689694593862,"b2":0.0008448472969309998,"a1":-0.537133732632341,"a2":0.07725981541632763},{"b0":1,"b1":2,"b2":1,"a1":-0.533053978201866,"a2":0.1199546530561323},{"b0":1,"b1":2,"b2":1,"a1":-0.5192973932335044,"a2":0.221966298821849},{"b0":1,"b1":2,"b2":1,"a1":-0.4725893454134653,"a2":0.4435635441607418}]},{"groupDelay":5,"impulseLength":428,"df1SosCoefficients":[{"b0":1.148492346153738,"b1":-1.125595973588614,"b2":0,"a1":-0.9771036274348763,"a2":0},{"b0":0.0008448472969309998,"b1":0.001689694593862,"b2":0.0008448472969309998,"a1":-0.537133732632341,"a2":0.07725981541632763},{"b0":1,"b1":2,"b2":1,"a1":-0.533053978201866,"a2":0.1199546530561323},{"b0":1,"b1":2,"b2":1,"a1":-0.5192973932335044,"a2":0.221966298821849},{"b0":1,"b1":2,"b2":1,"a1":-0.4725893454134653,"a2":0.4435635441607418}]},{"groupDelay":5,"impulseLength":416,"df1SosCoefficients":[{"b0":1.17917868206819,"b1":-1.155642845139498,"b2":0,"a1":-0.9764641630713072,"a2":0},{"b0":0.0008448472969309998,"b1":0.001689694593862,"b2":0.0008448472969309998,"a1":-0.537133732632341,"a2":0.07725981541632763},{"b0":1,"b1":2,"b2":1,"a1":-0.533053978201866,"a2":0.1199546530561323},{"b0":1,"b1":2,"b2":1,"a1":-0.5192973932335044,"a2":0.221966298821849},{"b0":1,"b1":2,"b2":1,"a1":-0.4725893454134653,"a2":0.4435635441607418}]},{"groupDelay":5,"impulseLength":421,"df1SosCoefficients":[{"b0":1.1666070812045,"b1":-1.143333220510694,"b2":0,"a1":-0.976726139306194,"a2":0},{"b0":0.0008448472969309998,"b1":0.001689694593862,"b2":0.0008448472969309998,"a1":-0.537133732632341,"a2":0.07725981541632763},{"b0":1,"b1":2,"b2":1,"a1":-0.533053978201866,"a2":0.1199546530561323},{"b0":1,"b1":2,"b2":1,"a1":-0.5192973932335044,"a2":0.221966298821849},{"b0":1,"b1":2,"b2":1,"a1":-0.4725893454134653,"a2":0.4435635441607418}]},{"groupDelay":5,"impulseLength":431,"df1SosCoefficients":[{"b0":1.141337366180707,"b1":-1.118590094333491,"b2":0,"a1":-0.977252728152784,"a2":0},{"b0":0.0008448472969309998,"b1":0.001689694593862,"b2":0.0008448472969309998,"a1":-0.537133732632341,"a2":0.07725981541632763},{"b0":1,"b1":2,"b2":1,"a1":-0.533053978201866,"a2":0.1199546530561323},{"b0":1,"b1":2,"b2":1,"a1":-0.5192973932335044,"a2":0.221966298821849},{"b0":1,"b1":2,"b2":1,"a1":-0.4725893454134653,"a2":0.4435635441607418}]},{"groupDelay":5,"impulseLength":421,"df1SosCoefficients":[{"b0":1.166912704765502,"b1":-1.143632475263883,"b2":0,"a1":-0.976719770498381,"a2":0},{"b0":0.0008448472969309998,"b1":0.001689694593862,"b2":0.0008448472969309998,"a1":-0.537133732632341,"a2":0.07725981541632763},{"b0":1,"b1":2,"b2":1,"a1":-0.533053978201866,"a2":0.1199546530561323},{"b0":1,"b1":2,"b2":1,"a1":-0.5192973932335044,"a2":0.221966298821849},{"b0":1,"b1":2,"b2":1,"a1":-0.4725893454134653,"a2":0.4435635441607418}]},{"groupDelay":5,"impulseLength":432,"df1SosCoefficients":[{"b0":1.138642506664437,"b1":-1.11595139227539,"b2":0,"a1":-0.9773088856109531,"a2":0},{"b0":0.0008448472969309998,"b1":0.001689694593862,"b2":0.0008448472969309998,"a1":-0.537133732632341,"a2":0.07725981541632763},{"b0":1,"b1":2,"b2":1,"a1":-0.533053978201866,"a2":0.1199546530561323},{"b0":1,"b1":2,"b2":1,"a1":-0.5192973932335044,"a2":0.221966298821849},{"b0":1,"b1":2,"b2":1,"a1":-0.4725893454134653,"a2":0.4435635441607418}]},{"groupDelay":5,"impulseLength":424,"df1SosCoefficients":[{"b0":1.159231961505724,"b1":-1.136111788962813,"b2":0,"a1":-0.9768798274570888,"a2":0},{"b0":0.0008448472969309998,"b1":0.001689694593862,"b2":0.0008448472969309998,"a1":-0.537133732632341,"a2":0.07725981541632763},{"b0":1,"b1":2,"b2":1,"a1":-0.533053978201866,"a2":0.1199546530561323},{"b0":1,"b1":2,"b2":1,"a1":-0.5192973932335044,"a2":0.221966298821849},{"b0":1,"b1":2,"b2":1,"a1":-0.4725893454134653,"a2":0.4435635441607418}]}],"10000000":[{"groupDelay":4,"impulseLength":848,"df1SosCoefficients":[{"b0":1.153346743954259,"b1":-1.141790770130456,"b2":0,"a1":-0.9884440261761972,"a2":0},{"b0":0.002038146814158831,"b1":0.004076293628317663,"b2":0.002038146814158831,"a1":-0.3632112475407018,"a2":0.03855182167287413},{"b0":1,"b1":2,"b2":1,"a1":-0.3504672771245266,"a2":0.08373437426629071},{"b0":1,"b1":2,"b2":1,"a1":-0.3157399334216205,"a2":0.1917211437273994},{"b0":1,"b1":2,"b2":1,"a1":-0.2227836395572096,"a2":0.4255896742210698}]},{"groupDelay":4,"impulseLength":849,"df1SosCoefficients":[{"b0":1.149347223571855,"b1":-1.137833129542632,"b2":0,"a1":-0.9884859059707775,"a2":0},{"b0":0.002038146814158831,"b1":0.004076293628317663,"b2":0.002038146814158831,"a1":-0.3632112475407018,"a2":0.03855182167287413},{"b0":1,"b1":2,"b2":1,"a1":-0.3504672771245266,"a2":0.08373437426629071},{"b0":1,"b1":2,"b2":1,"a1":-0.3157399334216205,"a2":0.1917211437273994},{"b0":1,"b1":2,"b2":1,"a1":-0.2227836395572096,"a2":0.4255896742210698}]},{"groupDelay":4,"impulseLength":832,"df1SosCoefficients":[{"b0":1.180239202185892,"b1":-1.168401631940815,"b2":0,"a1":-0.9881624297549235,"a2":0},{"b0":0.002038146814158831,"b1":0.004076293628317663,"b2":0.002038146814158831,"a1":-0.3632112475407018,"a2":0.03855182167287413},{"b0":1,"b1":2,"b2":1,"a1":-0.3504672771245266,"a2":0.08373437426629071},{"b0":1,"b1":2,"b2":1,"a1":-0.3157399334216205,"a2":0.1917211437273994},{"b0":1,"b1":2,"b2":1,"a1":-0.2227836395572096,"a2":0.4255896742210698}]},{"groupDelay":4,"impulseLength":842,"df1SosCoefficients":[{"b0":1.167582152120304,"b1":-1.155877116430888,"b2":0,"a1":-0.9882949643105842,"a2":0},{"b0":0.002038146814158831,"b1":0.004076293628317663,"b2":0.002038146814158831,"a1":-0.3632112475407018,"a2":0.03855182167287413},{"b0":1,"b1":2,"b2":1,"a1":-0.3504672771245266,"a2":0.08373437426629071},{"b0":1,"b1":2,"b2":1,"a1":-0.3157399334216205,"a2":0.1917211437273994},{"b0":1,"b1":2,"b2":1,"a1":-0.2227836395572096,"a2":0.4255896742210698}]},{"groupDelay":4,"impulseLength":849,"df1SosCoefficients":[{"b0":1.142145723031637,"b1":-1.130707037385034,"b2":0,"a1":-0.9885613143533974,"a2":0},{"b0":0.002038146814158831,"b1":0.004076293628317663,"b2":0.002038146814158831,"a1":-0.3632112475407018,"a2":0.03855182167287413},{"b0":1,"b1":2,"b2":1,"a1":-0.3504672771245266,"a2":0.08373437426629071},{"b0":1,"b1":2,"b2":1,"a1":-0.3157399334216205,"a2":0.1917211437273994},{"b0":1,"b1":2,"b2":1,"a1":-0.2227836395572096,"a2":0.4255896742210698}]},{"groupDelay":4,"impulseLength":841,"df1SosCoefficients":[{"b0":1.167889833227634,"b1":-1.156181575746519,"b2":0,"a1":-0.9882917425188844,"a2":0},{"b0":0.002038146814158831,"b1":0.004076293628317663,"b2":0.002038146814158831,"a1":-0.3632112475407018,"a2":0.03855182167287413},{"b0":1,"b1":2,"b2":1,"a1":-0.3504672771245266,"a2":0.08373437426629071},{"b0":1,"b1":2,"b2":1,"a1":-0.3157399334216205,"a2":0.1917211437273994},{"b0":1,"b1":2,"b2":1,"a1":-0.2227836395572096,"a2":0.4255896742210698}]},{"groupDelay":4,"impulseLength":850,"df1SosCoefficients":[{"b0":1.139433481936508,"b1":-1.128023196720221,"b2":0,"a1":-0.988589714783713,"a2":0},{"b0":0.002038146814158831,"b1":0.004076293628317663,"b2":0.002038146814158831,"a1":-0.3632112475407018,"a2":0.03855182167287413},{"b0":1,"b1":2,"b2":1,"a1":-0.3504672771245266,"a2":0.08373437426629071},{"b0":1,"b1":2,"b2":1,"a1":-0.3157399334216205,"a2":0.1917211437273994},{"b0":1,"b1":2,"b2":1,"a1":-0.2227836395572096,"a2":0.4255896742210698}]},{"groupDelay":4,"impulseLength":847,"df1SosCoefficients":[{"b0":1.160157679803506,"b1":-1.148530387279711,"b2":0,"a1":-0.9883727074762052,"a2":0},{"b0":0.002038146814158831,"b1":0.004076293628317663,"b2":0.002038146814158831,"a1":-0.3632112475407018,"a2":0.03855182167287413},{"b0":1,"b1":2,"b2":1,"a1":-0.3504672771245266,"a2":0.08373437426629071},{"b0":1,"b1":2,"b2":1,"a1":-0.3157399334216205,"a2":0.1917211437273994},{"b0":1,"b1":2,"b2":1,"a1":-0.2227836395572096,"a2":0.4255896742210698}]}]},"hittiteAdcGainRegisterValue":0},"bufferSizeMb":3072,"captureMode":"AfterTime","stopAfterSeconds":30,"trimAfterCapture":false,"trimTimeSeconds":5,"glitchFilter":{"enabled":true,"channels":{"0":{"enabled":false,"widthSec":0.000001},"1":{"enabled":false,"widthSec":0.000001},"2":{"enabled":false,"widthSec":0.000001},"3":{"enabled":false,"widthSec":5.0000000000000004e-8},"4":{"enabled":false,"widthSec":0.000001},"5":{"enabled":false,"widthSec":0.000001},"6":{"enabled":false,"widthSec":0.000001},"7":{"enabled":false,"widthSec":0.000001},"8":{"enabled":false,"widthSec":0.000001},"9":{"enabled":false,"widthSec":0.000001},"10":{"enabled":false,"widthSec":0.000001},"11":{"enabled":false,"widthSec":0.000001},"12":{"enabled":false,"widthSec":0.000001},"13":{"enabled":false,"widthSec":0.000001},"14":{"enabled":false,"widthSec":0.000001},"15":{"enabled":false,"widthSec":0.000001}}},"calibrationState":"Set","digitalTriggerSettings":{"type":{"mode":"Edge","name":"Falling","pattern":"Falling"},"timeAfterTriggerToStop":5,"linkedChannels":{},"duration":{"min":0.001,"max":0.01},"selectedChannel":{"type":"Digital","index":0}},"connectedDevice":{"deviceId":"2969825963596773588","name":"Logic 8","deviceType":"Logic8","capabilities":{"channelCapabilities":[{"type":"Digital","index":0,"capability":"Toggleable"},{"type":"Digital","index":1,"capability":"Toggleable"},{"type":"Digital","index":2,"capability":"Toggleable"},{"type":"Digital","index":3,"capability":"Toggleable"},{"type":"Digital","index":4,"capability":"Toggleable"},{"type":"Digital","index":5,"capability":"Toggleable"},{"type":"Digital","index":6,"capability":"Toggleable"},{"type":"Digital","index":7,"capability":"Toggleable"},{"type":"Analog","index":0,"capability":"Toggleable"},{"type":"Analog","index":1,"capability":"Toggleable"},{"type":"Analog","index":2,"capability":"Toggleable"},{"type":"Analog","index":3,"capability":"Toggleable"},{"type":"Analog","index":4,"capability":"Toggleable"},{"type":"Analog","index":5,"capability":"Toggleable"},{"type":"Analog","index":6,"capability":"Toggleable"},{"type":"Analog","index":7,"capability":"Toggleable"}],"sampleRateOptions":[{"digital":100000000},{"digital":50000000},{"digital":40000000},{"digital":25000000},{"digital":20000000},{"digital":10000000},{"digital":8000000},{"digital":5000000},{"digital":4000000},{"digital":2000000},{"digital":1000000}],"ledType":"RGB","isPhysicalDevice":true,"hasLimitedBandwidth":false},"settings":{"enabledChannels":[{"type":"Digital","index":0},{"type":"Digital","index":1}],"sampleRate":{"digital":50000000},"led":{"type":"RgbLed","red":0,"green":15,"blue":0}}}},"digitalTriggerTime":-1,"name":"serial_logs","dataTable":{"columns":{"analyzerIdentifier":{"isActive":true,"width":18,"isDefault":true,"baseKey":"analyzerIdentifier","excludeFromSearch":true},"frameType":{"isActive":true,"width":75,"isDefault":true,"baseKey":"frameType","excludeFromSearch":false,"isHidden":false},"start":{"isActive":true,"width":110,"isDefault":true,"baseKey":"start","excludeFromSearch":true,"isHidden":false},"duration":{"isActive":true,"width":80,"isDefault":true,"baseKey":"duration","excludeFromSearch":true,"isHidden":false},"data_data":{"width":75,"baseKey":"data","isActive":false},"data_error":{"width":75,"baseKey":"error","isActive":false},"data_mosi":{"width":75,"baseKey":"mosi","isActive":false},"data_miso":{"width":75,"baseKey":"miso","isActive":false},"data_ack":{"width":75,"baseKey":"ack","isActive":false,"isHidden":false},"data_address":{"width":75,"baseKey":"address","isActive":false},"data_read":{"width":75,"baseKey":"read","isActive":false,"isHidden":false}}},"analyzerTrigger":{"settings":{"enabled":false,"searchQuery":"","holdoffSeconds":0.2}},"timeManager":{"t0":{"type":"digitalTrigger"}}},"binData":[{"type":"Digital","index":0,"file":"./digital-0.bin"},{"type":"Digital","index":1,"file":"./digital-1.bin"}]}